{
  "Ansi 7 Color (Light)" : {
    "Red Component" : 0.96895907145738613,
    "Color Space" : "sRGB",
    "Blue Component" : 0.96837781226634989,
    "Alpha Component" : 1,
    "Green Component" : 0.96857156533002864
  },
  "Ansi 15 Color (Light)" : {
    "Red Component" : 0.99627764729261414,
    "Color Space" : "sRGB",
    "Blue Component" : 0.99568000023365033,
    "Alpha Component" : 1,
    "Green Component" : 0.99587921591997153
  },
  "Ansi 2 Color (Light)" : {
    "Red Component" : 0.34655710310339927,
    "Color Space" : "sRGB",
    "Blue Component" : 0.20817406878471373,
    "Alpha Component" : 1,
    "Green Component" : 0.54621781805157665
  },
  "Bold Color" : {
    "Red Component" : 0.062745101749897003,
    "Color Space" : "sRGB",
    "Blue Component" : 0.062745101749897003,
    "Alpha Component" : 1,
    "Green Component" : 0.062745101749897003
  },
  "Ansi 1 Color (Dark)" : {
    "Red Component" : 0.82587681678235536,
    "Color Space" : "sRGB",
    "Blue Component" : 0.1757101981073618,
    "Alpha Component" : 1,
    "Green Component" : 0.19519008605778218
  },
  "Use Bright Bold" : true,
  "Ansi 9 Color (Light)" : {
    "Red Component" : 0.98052631486952302,
    "Color Space" : "sRGB",
    "Blue Component" : 0.32244063492417341,
    "Alpha Component" : 1,
    "Green Component" : 0.34476483077704911
  },
  "Ansi 8 Color (Dark)" : {
    "Red Component" : 0.29999999999999999,
    "Color Space" : "P3",
    "Blue Component" : 0.29999999999999999,
    "Alpha Component" : 1,
    "Green Component" : 0.29999999999999999
  },
  "Background Color" : {
    "Red Component" : 0.97999999999999998,
    "Color Space" : "sRGB",
    "Blue Component" : 0.97999999999999998,
    "Alpha Component" : 1,
    "Green Component" : 0.97999999999999998
  },
  "Columns" : 128,
  "Ansi 8 Color" : {
    "Red Component" : 0.40781760215759277,
    "Color Space" : "sRGB",
    "Blue Component" : 0.4078223705291748,
    "Alpha Component" : 1,
    "Green Component" : 0.40782788395881653
  },
  "Right Option Key Sends" : 0,
  "Ansi 4 Color (Light)" : {
    "Red Component" : 0.14058793516159057,
    "Color Space" : "sRGB",
    "Blue Component" : 0.76146287345290187,
    "Alpha Component" : 1,
    "Green Component" : 0.39463655867576602
  },
  "Blinking Cursor" : false,
  "Selected Text Color (Light)" : {
    "Red Component" : 0.94495595076084138,
    "Color Space" : "sRGB",
    "Blue Component" : 0.96039267253875749,
    "Alpha Component" : 1,
    "Green Component" : 0.95257378180027019
  },
  "Selected Text Color (Dark)" : {
    "Red Component" : 0.94495595076084138,
    "Color Space" : "sRGB",
    "Blue Component" : 0.96039267253875749,
    "Alpha Component" : 1,
    "Green Component" : 0.95257378180027019
  },
  "Ansi 3 Color (Dark)" : {
    "Red Component" : 0.98832254494428629,
    "Color Space" : "sRGB",
    "Blue Component" : 0.22853838559985165,
    "Alpha Component" : 1,
    "Green Component" : 0.66168385869264601
  },
  "Keyboard Map" : {

  },
  "Visual Bell" : true,
  "Cursor Text Color" : {
    "Red Component" : 1,
    "Color Space" : "sRGB",
    "Blue Component" : 1,
    "Alpha Component" : 1,
    "Green Component" : 1
  },
  "Scrollback Lines" : 0,
  "Selection Color (Light)" : {
    "Red Component" : 0.27341630142331125,
    "Color Space" : "sRGB",
    "Blue Component" : 0.36843379897475248,
    "Alpha Component" : 1,
    "Green Component" : 0.31589012255072596
  },
  "Ansi 0 Color" : {
    "Red Component" : 0.078431375324726105,
    "Color Space" : "sRGB",
    "Blue Component" : 0.11764705926179886,
    "Alpha Component" : 1,
    "Green Component" : 0.098039217293262482
  },
  "Match Background Color (Dark)" : {
    "Red Component" : 1,
    "Color Space" : "sRGB",
    "Blue Component" : 0,
    "Alpha Component" : 1,
    "Green Component" : 0.99980000000000002
  },
  "Ansi 11 Color (Light)" : {
    "Red Component" : 1,
    "Color Space" : "sRGB",
    "Blue Component" : 0.31846055510044102,
    "Alpha Component" : 1,
    "Green Component" : 0.91760667123794559
  },
  "Ansi 5 Color (Dark)" : {
    "Red Component" : 0.44908448994755745,
    "Color Space" : "sRGB",
    "Blue Component" : 0.70773151381015786,
    "Alpha Component" : 1,
    "Green Component" : 0.19718635544180871
  },
  "Cursor Text Color (Light)" : {
    "Red Component" : 0,
    "Color Space" : "sRGB",
    "Blue Component" : 0,
    "Alpha Component" : 1,
    "Green Component" : 0
  },
  "Silence Bell" : false,
  "Rows" : 32,
  "Guid" : "C7982113-5156-45CD-9DA0-B42007619167",
  "Ansi 14 Color (Dark)" : {
    "Red Component" : 0.58823529411764708,
    "Color Space" : "P3",
    "Blue Component" : 0.77254901960784317,
    "Alpha Component" : 1,
    "Green Component" : 0.83137254901960789
  },
  "Ansi 15 Color (Dark)" : {
    "Red Component" : 0.99627764729261414,
    "Color Space" : "sRGB",
    "Blue Component" : 0.99568000023365033,
    "Alpha Component" : 1,
    "Green Component" : 0.99587921591997153
  },
  "Ansi 0 Color (Dark)" : {
    "Red Component" : 0.17258354893326761,
    "Color Space" : "sRGB",
    "Blue Component" : 0.17248001950979233,
    "Alpha Component" : 1,
    "Green Component" : 0.17251452931761743
  },
  "Ambiguous Double Width" : false,
  "Option Key Sends" : 0,
  "Ansi 3 Color" : {
    "Red Component" : 0.78058648109436035,
    "Color Space" : "sRGB",
    "Blue Component" : 0,
    "Alpha Component" : 1,
    "Green Component" : 0.76959484815597534
  },
  "Window Type" : 0,
  "BM Growl" : true,
  "Prompt Before Closing 2" : false,
  "Command" : "",
  "Selected Text Color" : {
    "Red Component" : 0,
    "Color Space" : "sRGB",
    "Blue Component" : 0,
    "Alpha Component" : 1,
    "Green Component" : 0
  },
  "Ansi 14 Color (Light)" : {
    "Red Component" : 0.53616972511410721,
    "Color Space" : "sRGB",
    "Blue Component" : 0.85834573112130175,
    "Alpha Component" : 1,
    "Green Component" : 1
  },
  "Cursor Guide Color (Dark)" : {
    "Red Component" : 0.71015392645597464,
    "Color Space" : "sRGB",
    "Blue Component" : 1,
    "Alpha Component" : 0.25,
    "Green Component" : 0.92754591637849815
  },
  "ASCII Ligatures" : true,
  "Send Code When Idle" : false,
  "Ansi 6 Color" : {
    "Red Component" : 0,
    "Color Space" : "sRGB",
    "Blue Component" : 0.78166204690933228,
    "Alpha Component" : 1,
    "Green Component" : 0.77425903081893921
  },
  "Jobs to Ignore" : [
    "rlogin",
    "ssh",
    "slogin",
    "telnet"
  ],
  "Badge Color (Dark)" : {
    "Red Component" : 1,
    "Color Space" : "sRGB",
    "Blue Component" : 0.12122362526357175,
    "Alpha Component" : 0.5,
    "Green Component" : 0.22464168318808081
  },
  "Cursor Color" : {
    "Red Component" : 0,
    "Color Space" : "sRGB",
    "Blue Component" : 0,
    "Alpha Component" : 1,
    "Green Component" : 0
  },
  "Vertical Spacing" : 1,
  "Bound Hosts" : [

  ],
  "Disable Window Resizing" : true,
  "Close Sessions On End" : true,
  "Selection Color (Dark)" : {
    "Red Component" : 0.27341630142331125,
    "Color Space" : "sRGB",
    "Blue Component" : 0.36843379897475248,
    "Alpha Component" : 1,
    "Green Component" : 0.31589012255072596
  },
  "Default Bookmark" : "No",
  "Foreground Color (Light)" : {
    "Red Component" : 0.91783059314489368,
    "Color Space" : "sRGB",
    "Blue Component" : 0.91728000490665451,
    "Alpha Component" : 1,
    "Green Component" : 0.91746353431940086
  },
  "Custom Command" : "No",
  "Background Color (Dark)" : {
    "Red Component" : 0.078431372549019607,
    "Color Space" : "P3",
    "Blue Component" : 0.078431372549019607,
    "Alpha Component" : 1,
    "Green Component" : 0.078431372549019607
  },
  "Ansi 9 Color" : {
    "Red Component" : 0.8659515380859375,
    "Color Space" : "sRGB",
    "Blue Component" : 0.45833224058151245,
    "Alpha Component" : 1,
    "Green Component" : 0.47524076700210571
  },
  "Ansi 14 Color" : {
    "Red Component" : 0.37597531080245972,
    "Color Space" : "sRGB",
    "Blue Component" : 1,
    "Alpha Component" : 1,